≤‚ ‘1,122.72.18.35,80
≤‚ ‘2,203.174.112.13,3128
≤‚ ‘3,119.28.112.130,3128
≤‚ ‘4,114.215.95.188,3128
≤‚ ‘5,211.159.177.212,3128
≤‚ ‘6,122.72.18.34,80
≤‚ ‘7,124.193.37.5,8888
≤‚ ‘8,139.224.80.139,3128
≤‚ ‘9,118.212.137.135,31288
≤‚ ‘10,119.28.152.208,80
≤‚ ‘11,219.135.164.245,3128
≤‚ ‘12,120.78.78.141,8888
≤‚ ‘13,183.56.177.130,808
≤‚ ‘14,106.14.146.58,3128
≤‚ ‘15,120.92.118.64,10000
≤‚ ‘16,114.113.126.86,80
≤‚ ‘17,114.113.126.82,80
≤‚ ‘18,114.113.126.87,80
≤‚ ‘19,219.136.174.20,9797
≤‚ ‘20,222.186.45.59,62386
≤‚ ‘21,163.125.16.157,9000
≤‚ ‘22,175.171.184.164,53281
≤‚ ‘23,202.111.7.150,1080
≤‚ ‘24,116.17.125.91,9999
≤‚ ‘25,210.26.82.139,61202
≤‚ ‘26,114.215.47.93,3128
